"","city","aypi","population"
"1","PFLUGERVILLE",0.179095063196091,54820
"2","HUNTERSVILLE",0.230520085463196,51374
"3","MURRIETA",0.981484349431449,108376
"4","ABINGTON TOWNSHIP",2.71349402271449,55628
"5","CEDAR PARK",0.126412716741014,60113
"6","GOODYEAR",0.10918666860536,74826
"7","JOHNSON CITY",0.401495477330322,63867
"8","ALPHARETTA",0.101887994514497,63478
"9","MILLCREEK TOWNSHIP",1.95336276049589,54407
"10","BUCKEYE",0.128223780821406,58126
"11","SURPRISE",0.133794823803635,125049
"12","CASTLE ROCK",0.0873392696391638,54253
"13","FLOWER MOUND",0.0922473916314565,69349
"14","BRENTWOOD",0.0825155369051339,55826
"15","FRISCO",0.126427218991097,87863
"16","MARYSVILLE",0.0969534346981515,64063
"17","GILBERT",0.129801166487767,235430
"18","NORTH PORT",0.083577905690401,59668
"19","COCONUT CREEK",0.0775767013752074,57766
"20","ROWLETT",0.0710127620952513,51251
"21","HOOVER",0.108201733064073,60470
"22","MERIDIAN",0.0819158939340683,85733
"23","PERRIS",0.0774350069969274,73223
"24","LEHI",0.0666170224102559,56080
"25","ROCKLIN",0.0670823652888339,60371
"26","SOUTH JORDAN",0.0683083648207943,61601
"27","MANSFIELD",0.0620019350719414,60131
"28","AVONDALE",0.111327432802751,79472
"29","ALLEN",0.0768353353987647,93889
"30","MURFREESBORO",0.136280092009253,119005
"31","HAMILTON TOWNSHIP",1.28448702880063,26802
"32","GEORGETOWN",0.0570514619000883,56782
"33","JUPITER",0.0626620474019426,59039
"34","O'FALLON",0.0882024724140196,83550
"35","WOODBURY",0.0593039240186252,66539
"36","RIO RANCHO",0.0813724262910284,92957
"37","FOLSOM",0.059667736435714,73329
"38","PALM BEACH GARDENS",0.0503830608495845,51210
"39","ROUND ROCK",0.0713400528489425,110577
"40","GRAPEVINE",0.0459460913807306,51135
"41","CASA GRANDE",0.0447011568743119,50207
"42","TIGARD",0.0469216006192232,51024
"43","SUGAR LAND",0.0733090927558153,85055
"44","PALMDALE",0.0870915788770274,158210
"45","PEARLAND",0.0639795143805112,97054
"46","PEORIA",0.0852189141211113,164715
"47","FRANKLIN",0.0543327089124822,70485
"48","CATHEDRAL CITY",0.0515143759472473,53368
"49","MOUNT PLEASANT",0.0557295386028027,76702
"50","DUBLIN",0.0438634540215464,53795
"51","BROOMFIELD",0.0569014174212982,60693
"52","LAKEVILLE",0.0426531516876149,59194
"53","KISSIMMEE",0.0468992479685153,66623
"54","ANKENY",0.0400026543295114,53099
"55","DESOTO",0.037235778232505,52038
"56","MCKINNEY",0.071699258500947,152806
"57","COMMERCE CITY",0.0357057118265638,50754
"58","LEAGUE CITY",0.0521627328874005,91023
"59","DELANO",0.0351913889481374,52224
"60","CONCORD",0.0566427469119663,84558
"61","PASCO",0.0431572477473054,69115
"62","BEND",0.0518361832945933,82418
"63","BARTLETT",0.0401078256537681,58529
"64","ROGERS",0.0398113215366017,61105
"65","VICTORVILLE",0.0731349307459243,122316
"66","CONROE",0.0392605194478163,64446
"67","PALM BAY",0.0602398418546208,105287
"68","CARMEL",0.0500066066512347,87555
"69","PORT ORANGE",0.0370691734599459,57359
"70","TRACY",0.0471997220146517,85078
"71","LENEXA",0.0519384726640767,50876
"72","FISHERS",0.0988205394717526,85597
"73","KIRKLAND",0.0567631257089308,85352
"74","LAKE ELSINORE",0.0523562095574408,58665
"75","YUBA CITY",0.0386720956222125,65525
"76","EDEN PRAIRIE",0.0438271545050601,63036
"77","GREENWOOD",0.0312661316189786,54345
"78","SOUTHAVEN",0.0645618152826572,51474
"79","PORTERVILLE",0.032486447020437,55391
"80","HARRISONBURG",0.0305665116920401,52026
"81","HOMESTEAD",0.0410763471857539,64938
"82","COLTON",0.0305491606937867,53485
"83","CONWAY",0.0353748872971796,64895
"84","MAPLE GROVE",0.0362549898433612,66354
"85","DAVIE",0.0586727634163184,98010
"86","SMYRNA",0.0326686852413083,53965
"87","EAGAN",0.0359984523781531,65754
"88","SANFORD",0.0323988382179766,56601
"89","HANFORD",0.0297698265087093,54824
"90","PHARR",0.0383314139246075,74555
"91","GILROY",0.0271379400881617,52415
"92","DORAL",0.0717068293597077,51350
"93","MISSOURI CITY",0.0372785540636597,64943
"94","INDIO",0.0451553554391531,84540
"95","BELLEVUE",0.0305310527730126,54251
"96","MADERA",0.0325740769594331,63495
"97","APPLE VALLEY",0.0254758490017316,50472
"98","CARY",0.0605020213166071,153365
"99","SAN RAMON",0.04637244933982,75049
"100","NOVI",0.0291538090720093,58654
"101","NEW BRAUNFELS",0.0265933870544349,53308
"102","MISSION",0.0401917709121169,81871
"103","HEMET",0.041338593207872,82412
"104","TULARE",0.0304077296992665,61596
"105","ORLAND PARK",0.051454521339348,58871
"106","REDMOND",0.0278536282122673,58311
"107","SAN MARCOS",0.0285223721611228,56620
"108","KENT",0.0573812372294983,125837
"109","ROSWELL",0.0620464508213423,95387
"110","LAYTON",0.0370857565106063,71629
"111","EDINBURG",0.0381335518722904,82349
"112","PALM DESERT",0.0362656480926953,50971
"113","EULESS",0.025046819923882,53674
"114","LEWISVILLE",0.0463046159420356,101566
"115","ROSEVILLE",0.0517968204239135,128997
"116","WATSONVILLE",0.0242221736115645,52778
"117","HENDERSON",0.0759190594676112,274121
"118","HOWELL TOWNSHIP",0.0224062312369425,51884
"119","LAKE HAVASU CITY",0.0345918097658769,52892
"120","MANTECA",0.0325443028860654,73055
"121","NAMPA",0.0397028775452933,87735
"122","BURIEN",0.0393365523067182,50284
"123","JACKSON TOWNSHIP",0.0238686954462694,56347
"124","AUBURN",0.0300140786289647,68071
"125","BLUE SPRINGS",0.0229799334880079,53440
"126","TURLOCK",0.0302959306669636,70786
"127","WESTON",0.0827769606269896,69129
"128","CHICO",0.0372888882224621,88562
"129","HENDERSONVILLE",0.0238346603635676,54728
"130","NORTHERN YORK REGIONAL",0.033748063039713,67742
"131","WEST SACRAMENTO",0.0251456570300284,50152
"132","WEST JORDAN",0.0447475432714386,111618
"133","CARROLLTON",0.0320351536842206,75522
"134","TUSTIN",0.0339006700121686,79046
"135","FREDERICK",0.0277119776117439,67257
"136","SAN CLEMENTE",0.026461332851467,65397
"137","TEMECULA",0.0639820563901897,108308
"138","NORTH RICHLAND HILLS",0.0275467264760892,68309
"139","CHINO HILLS",0.0555287104136315,76972
"140","AUBURN",0.0227180916479782,59854
"141","YORBA LINDA",0.0270799066772336,67702
"142","TAMARAC",0.0271651162664079,63796
"143","BLAINE",0.0244251309418771,61187
"144","DIAMOND BAR",0.0370079060081959,56665
"145","GRAND JUNCTION",0.0233801367337577,59972
"146","HILLSBORO",0.0404050682650592,98635
"147","SHAWNEE",0.030888024207293,64834
"148","BRADENTON",0.0184268356629859,52350
"149","CHANDLER",0.0679884545130035,252369
"150","RENTON",0.0376450427124597,98240
"151","KENTWOOD",0.0152556225874112,50617
"152","MARIETTA",0.0219175251529778,59663
"153","HIGHLAND",0.0243768686115672,54559
"154","WOODLAND",0.0189875984325663,56854
"155","LOVELAND",0.027877049989498,72465
"156","JONESBORO",0.0273818615743411,72569
"157","KINGSPORT",0.0151306869188815,50101
"158","CHAPEL HILL",0.0197293528346341,57223
"159","MISSOULA",0.0416072485362927,69674
"160","CUPERTINO",0.0207624698764489,60564
"161","DEERFIELD BEACH",0.0319277619599408,78773
"162","PLYMOUTH",0.026607407610433,74833
"163","WELLINGTON",0.0460957659570306,61069
"164","CAPE CORAL",0.054898134370374,168712
"165","PALATINE",0.047593429493125,69533
"166","BEAVERTON",0.0344247105815848,94416
"167","WESTMINSTER",0.0277521925685609,68069
"168","CLOVIS",0.0345879398872611,100705
"169","RICHLAND",0.0140448519585493,53445
"170","PINELLAS PARK",0.0135541360925103,50213
"171","MIRAMAR",0.0461588807369752,132352
"172","PITTSBURG",0.0217778413592304,67509
"173","GRESHAM",0.0394109384436595,110276
"174","APPLE VALLEY",0.0342739224951007,71329
"175","YUCAIPA",0.0203450337360441,52794
"176","GRAND ISLAND",0.0130215899443844,50999
"177","PETALUMA",0.0174454597403999,59803
"178","HOBOKEN",0.00849976245869536,53303
"179","KENNEWICK",0.0252895689600267,77381
"180","SOUTHAMPTON TOWN",0.015830707224536,50819
"181","CARLSBAD",0.0366485756635489,112297
"182","DELRAY BEACH",0.0215172381335738,64917
"183","SAMMAMISH",0.0302114239153914,51016
"184","BOYNTON BEACH",0.0236026305948228,71801
"185","EDMOND",0.028469000093886,88383
"186","FONTANA",0.055414299827996,204532
"187","GREENVILLE",0.032613852280713,90198
"188","FLAGSTAFF",0.020905452079185,69490
"189","MOORE",0.016026549335209,59188
"190","BATTLE CREEK",0.0269776828720748,61225
"191","PLEASANTON",0.0232575446539148,75060
"192","PLACENTIA",0.0121713095631267,52513
"193","ROCK HILL",0.0210016323554861,69754
"194","LODI",0.017588842149018,63601
"195","GLENDORA",0.0111634881663607,51292
"196","NORMAL",0.0266730980845737,55185
"197","PEMBROKE PINES",0.0522146712169813,164372
"198","BURNSVILLE",0.0170401535122226,61693
"199","MILPITAS",0.0204260245080867,70568
"200","PLYMOUTH",0.0227153986948446,58292
"201","COON RAPIDS",0.0185175882806867,62242
"202","MARGATE",0.0147569776033973,55982
"203","OCALA",0.0165680387096863,57740
"204","BOLINGBROOK",0.040005939164578,72433
"205","PARAMOUNT",0.0128240618053488,55194
"206","FAYETTEVILLE",0.0241593781604886,80263
"207","STATE COLLEGE",0.0169255158498796,56551
"208","HESPERIA",0.0408558218430731,92592
"209","VALDOSTA",0.0140607668552891,56862
"210","MERCED",0.0243313341589926,81603
"211","FORT MYERS",0.0211437452282848,69718
"212","DAVIS",0.0179732515835986,66360
"213","BROKEN ARROW",0.026452828801897,85283
"214","WEST NEW YORK",0.00953990484569216,52791
"215","PERTH AMBOY",0.0095493952858901,52332
"216","LAUDERHILL",0.0263116260125741,70506
"217","OLATHE",0.0537194958512032,133341
"218","CORAL SPRINGS",0.0407788921190844,127939
"219","BURLINGTON",0.00969616620747711,50936
"220","COLLEGE STATION",0.0307216335889565,101483
"221","CAMARILLO",0.0176654850604727,66272
"222","RIALTO",0.0308663686642376,102540
"223","CORONA",0.0451157571138345,161128
"224","HOFFMAN ESTATES",0.0173520609317787,52512
"225","SHELBY TOWNSHIP",0.0212090068276593,76556
"226","MINNETONKA",0.00903639606124006,51769
"227","SPRINGFIELD",0.0116091240762644,60377
"228","BOWLING GREEN",0.0147631850123808,62117
"229","UNION CITY",0.0190585656516557,73268
"230","NEW BRUNSWICK",0.00964956826992525,56193
"231","SANTA MARIA",0.0300449954458038,102885
"232","MEDFORD",0.020493611925264,78356
"233","WARNER ROBINS",0.0190375466224086,73063
"234","IDAHO FALLS",0.0118438223767153,58606
"235","GULFPORT",0.0214122693951033,71813
"236","THORNTON",0.0378163473326284,129442
"237","VACAVILLE",0.0263388050332415,94701
"238","CHINO",0.0215423437405279,81600
"239","CORVALLIS",0.00937647283162626,55541
"240","CORAL GABLES",0.00609910622360103,50316
"241","SPARKS",0.0253113136845634,94012
"242","ALISO VIEJO",0.0172290940543834,50671
"243","ELKHART",0.00783278692173059,51366
"244","WEST BLOOMFIELD TOWNSHIP",0.0147769026630664,66222
"245","NAPERVILLE",0.0278473824782208,97527
"246","SANTA CRUZ",0.0128232658946763,63440
"247","NOVATO",0.0082072775643197,54756
"248","REVERE",0.0110980004380022,54402
"249","DECATUR",0.00910343424264193,55744
"250","YUMA",0.0317450140926081,92075
"251","REDDING",0.0236064655311382,91426
"252","PISCATAWAY TOWNSHIP",0.0101700705263818,59089
"253","NORTH MIAMI",0.0129123602274892,61501
"254","ANTIOCH",0.0284345649158738,108223
"255","CASPER",0.00588872715635069,60771
"256","VANCOUVER",0.0494670969199613,168688
"257","TEMPLE",0.0160183093955846,71049
"258","ROSEMEAD",0.00754787629337933,54748
"259","NORTH LAS VEGAS",0.0745657424227349,229436
"260","WHEATON",0.0122945906426749,53806
"261","LAFAYETTE",0.0157603092008464,70749
"262","LONGMONT",0.0248310017992762,90762
"263","HARLINGEN",0.0130420503388137,65808
"264","BROOKLYN PARK",0.0186519792477129,78986
"265","REDLANDS",0.0144972923278838,70295
"266","HEMPSTEAD VILLAGE",0.011396795030564,55722
"267","GRAND FORKS",0.0074317861634974,55438
"268","LYNWOOD",0.0150590293039125,71812
"269","AMES",0.0107711701233036,62514
"270","SAN RAFAEL",0.0091163540731194,59292
"271","POCATELLO",0.00495415866902611,54346
"272","SUNRISE",0.0260477760697772,91544
"273","WILMINGTON",0.0290690264659057,113418
"274","KOKOMO",0.00637416399867415,56904
"275","BRYAN",0.0181314313269846,79267
"276","BLOOMINGTON",0.0301182048249723,79451
"277","BISMARCK",0.0128735160719113,68492
"278","YORK AREA REGIONAL",0.0235921306718756,61107
"279","BERWYN",0.0127323535903698,56778
"280","LA HABRA",0.00980845372641178,61964
"281","LAS CRUCES",0.0262631411710227,102113
"282","GARDENA",0.00875952649502169,60233
"283","PLAINFIELD",0.00350712535202435,50839
"284","TAUNTON",0.00692562744936173,56277
"285","GLOUCESTER TOWNSHIP",0.0106437904877837,64322
"286","WHITE PLAINS",0.00674755500240915,58103
"287","ENID",0.000691317779778611,51037
"288","SAN MARCOS",0.0417437174206098,90799
"289","BELLINGHAM",0.0179420878072579,83048
"290","ARCADIA",0.00694644354863828,57950
"291","MELBOURNE",0.0167857113171771,77797
"292","NORTH BERGEN TOWNSHIP",0.00890878139577712,62817
"293","PEABODY",0.0041975650205883,52366
"294","HUNTINGTON PARK",0.00753532738934041,59064
"295","RAPID CITY",0.0133965703072654,71481
"296","KILLEEN",0.0339940797144539,139211
"297","GASTONIA",0.0143169397080619,73576
"298","WAYNE TOWNSHIP",0.00515633761164002,55197
"299","ST. CLOUD",0.00899349353454709,52856
"300","UPLAND",0.014803862213383,75790
"301","HAVERHILL",0.00921149732042144,62552
"302","CHEYENNE",0.00882440035159904,63155
"303","FLORISSANT",-0.00097886004725224,52387
"304","SUFFOLK",0.0178751922135707,85987
"305","EAST HARTFORD",-0.00039235195859008,51185
"306","LA CROSSE",0.00219876845378751,51564
"307","CANTON TOWNSHIP",0.0212295886196654,89073
"308","DENTON",0.0298903086080649,125248
"309","LANCASTER",0.0374268267750881,160190
"310","MILFORD",0.00154817140284102,53222
"311","LIVERMORE",0.0174629446239539,86147
"312","PLANTATION",0.0203643940728141,91549
"313","NATIONAL CITY",0.00715538524214695,60130
"314","DOTHAN",0.00963480783325041,67254
"315","LAKELAND",0.0243426816569962,101428
"316","STRATFORD",0.00107389590345514,52279
"317","SARASOTA",0.00332734654791717,53620
"318","SOUTH SAN FRANCISCO",0.00931338296191469,66793
"319","SANTA FE",0.0204446376355588,70438
"320","SHORELINE",0.00662204537395673,55206
"321","BROOKHAVEN",0.0359750269456816,50942
"322","JACKSON",0.0100775673314683,67869
"323","MIDWEST CITY",0.00448716809247845,57313
"324","YAKIMA",0.0199645989905968,93667
"325","VISALIA",0.0286813427199663,128488
"326","OSHKOSH",0.00927208755421559,66962
"327","ST. GEORGE",0.0330563125879098,77838
"328","MANCHESTER",0.00466627530348823,58204
"329","WAUKESHA",0.0109567970042696,71093
"330","IRONDEQUOIT TOWN",-0.00255778564581153,51390
"331","EAU CLAIRE",0.00882000807854569,65937
"332","NAPA",0.0139626432337485,79572
"333","LA MESA",0.00509823165381887,59005
"334","IOWA CITY",0.0122854765235679,72522
"335","PARSIPPANY-TROY HILLS TW",0.00403212899278901,54025
"336","OAK PARK",-0.00246720869879516,52109
"337","CHARLESTON",-0.00590712336630936,50693
"338","UNION TOWNSHIP",0.00433726575180175,57830
"339","SAGINAW",-0.0124858902301189,50030
"340","LAKEWOOD",-0.00615647896565704,50923
"341","BOCA RATON",0.0188658586528739,90496
"342","BETHLEHEM",0.0027931298681795,55442
"343","BALDWIN PARK",0.0126186487615898,76933
"344","SANDY",0.0181385054726276,90860
"345","VICTORIA",0.00783988595198448,65726
"346","BOSSIER CITY",0.0086191192422362,67469
"347","JANESVILLE",0.00692069164433435,63885
"348","HAMDEN",0.0056765033226066,61599
"349","DEARBORN HEIGHTS",-0.00516789077076653,56366
"350","MOUNT PROSPECT",0.00342962289574556,54891
"351","ST. PETERS",0.0059851148554428,55362
"352","POMPANO BEACH",0.02258501465191,105523
"353","WEST HAVEN",0.00105611964577905,54917
"354","BLOOMINGTON",0.014809089000979,83075
"355","BROOKLINE",0.00276452119165731,59413
"356","PENSACOLA",-0.00208105908387903,52873
"357","SCHAUMBURG",0.0170747421278024,75060
"358","FAIRFIELD",0.00340148814791012,61146
"359","MALDEN",0.0045360658717392,60925
"360","BENSALEM TOWNSHIP",0.00471724719197411,60506
"361","PASSAIC",0.0095040213901094,71228
"362","ELGIN",0.0231279526626005,85896
"363","SANTEE",0.00128237956895971,56737
"364","OREM",0.0176494737533853,92409
"365","BOWIE",0.00923328181856577,57188
"366","RAMAPO TOWN",0.0179991285926683,88881
"367","WEST CHESTER TOWNSHIP",0.00897543999985355,59629
"368","WALNUT CREEK",0.00744309045671184,67555
"369","MONTEBELLO",0.00568395501544694,63737
"370","OAK LAWN",-0.00227857772372862,57159
"371","VINELAND",0.00433430212638465,61115
"372","KETTERING",-0.00298045605124184,55311
"373","BELLFLOWER",0.0116586187886848,77830
"374","WEYMOUTH",0.000443687958008029,55996
"375","DES PLAINES",0.0044451596847699,59041
"376","PICO RIVERA",0.00551752533181532,63970
"377","APPLETON",0.00413830583312868,60979
"378","OWENSBORO",0.00288554861054068,58659
"379","DAYTONA BEACH",0.00497693621378559,62629
"380","BRISTOL TOWNSHIP",-0.00252477383981258,54349
"381","FOUNTAIN VALLEY",0.00134524925839327,57024
"382","ASHEVILLE",0.0150666854627036,88184
"383","BRICK TOWNSHIP",0.0104665281678515,75995
"384","UNION CITY",0.00698891137256021,68787
"385","TERRE HAUTE",0.00055172235432735,61085
"386","CHICOPEE",0.000597136431036752,55831
"387","PORT ARTHUR",-0.00365103143778825,54170
"388","MEDFORD",-0.000358037454533213,57551
"389","IRVINGTON",-0.00344919170813073,54377
"390","GREELEY",0.0181281620860534,97406
"391","ROCHESTER",0.0218991049124903,111712
"392","MONTEREY PARK",0.00382544587840719,61284
"393","EASTVALE",0.00742706307651303,55504
"394","COUNCIL BLUFFS",0.00358202106399663,61864
"395","EVERETT",0.0212908618650602,105911
"396","LANCASTER",0.00299940588560879,59325
"397","CLARKSVILLE",0.0296191906620199,144639
"398","PALO ALTO",0.00619653204179146,67169
"399","WALTHAM",0.00247658516250133,62756
"400","GREAT FALLS",0.00227080501786647,59501
"401","NORTH CHARLESTON",0.0147098300133223,84781
"402","ANDERSON",-0.00584651722203089,55545
"403","COLERAIN TOWNSHIP",0.00613473680281213,58813
"404","GREENVILLE",0.0020281312871668,61924
"405","WEST HARTFORD",0.00137203712354976,63360
"406","TONAWANDA TOWN",-0.00713686516111649,58077
"407","HAWTHORNE",0.0131049123012737,86670
"408","MERIDEN",0.00198908769754346,60352
"409","REDWOOD CITY",0.0112039209599104,81870
"410","LOWER MERION TOWNSHIP",-0.000574362520755956,58268
"411","DUBUQUE",-0.00193650319828439,58421
"412","BAYTOWN",0.00757077942255183,72088
"413","ROYAL OAK",-0.00505657138618619,59377
"414","LAKEWOOD",-0.00413889589514225,59313
"415","FARMINGTON HILLS",0.0103976845402307,81682
"416","REDONDO BEACH",0.0054773666786904,68075
"417","LAKE FOREST",0.0205701041474684,79748
"418","BAYONNE",0.000530362310405887,65618
"419","CHAMPAIGN",0.0198217823941227,83995
"420","BRISTOL",0.00172984927142509,60590
"421","GREENWICH",0.00201668755171422,62676
"422","FAIRFIELD",0.0193837958571636,110300
"423","ENCINITAS",0.0044358259392563,62071
"424","UTICA",-0.00562569273635083,61702
"425","NEWPORT BEACH",0.0124467997671367,87759
"426","WEST ALLIS",-0.00149928373281862,60764
"427","WEST PALM BEACH",0.0185497862786781,103028
"428","MOUNTAIN VIEW",0.00905434031602969,78759
"429","WYOMING",0.00759968507144299,74603
"430","NORTH LITTLE ROCK",0.00135337649448144,67031
"431","SKOKIE",0.0041406079551196,65263
"432","SPRINGFIELD",-0.00610614840438189,58891
"433","DANBURY",0.0106517178392089,84281
"434","JOHNS CREEK",0.064438698387644,84256
"435","FAYETTEVILLE",0.0414203795141826,205306
"436","ST. CLAIR SHORES",-0.00337949441131939,60157
"437","TAYLOR",-0.00650385212094823,61527
"438","ST. CHARLES",0.00858211585181478,67970
"439","LAKEWOOD TOWNSHIP",0.0341513392837815,93749
"440","OLD BRIDGE TOWNSHIP",0.00737398075709164,66966
"441","LONGVIEW",0.00844333488173861,79728
"442","LARGO",0.0087003667166048,78502
"443","SCHENECTADY",-0.000839194670230493,65834
"444","CICERO",0.0202095472511015,84147
"445","FARGO",0.0192147472075552,115686
"446","PORTLAND",0.00233852139601165,66380
"447","MIDDLETOWN TOWNSHIP",0.00224971023505547,66223
"448","LAWRENCE",0.00851546802264577,78169
"449","LAGUNA NIGUEL",0.00361758057254153,65033
"450","HIGH POINT",0.0150477309531601,103122
"451","COLUMBIA",0.0187113857770953,116847
"452","WATERFORD TOWNSHIP",0.00593150012518166,73308
"453","RANCHO CORDOVA",0.0163215863508999,68636
"454","FRAMINGHAM",0.00283330251868505,71113
"455","SAN LEANDRO",0.0101642254322652,88690
"456","RANCHO CUCAMONGA",0.0362523771867912,172694
"457","LORAIN",-0.0044912484389345,63619
"458","ESCONDIDO",0.0259884585106428,149839
"459","ALAMEDA",0.00596425050832143,77048
"460","WATERLOO",-0.00295782926527508,68358
"461","OGDEN",0.00861108349657825,84557
"462","BUENA PARK",0.00786961700300905,83414
"463","EAST ORANGE",-0.00506013560476961,64758
"464","KENNER",-0.000812589815896089,67037
"465","ALHAMBRA",0.00830077453175183,84931
"466","MUNCIE",-0.00172748898904377,70347
"467","YOUNGSTOWN",-0.0164706064276913,64658
"468","MCALLEN",0.0227039649372013,138122
"469","FORT COLLINS",0.0267688947449182,154015
"470","LYNCHBURG",0.00502058525526721,78639
"471","RICHARDSON",0.00449511770743259,75460
"472","GRAND PRAIRIE",0.0207179578175201,129472
"473","MOUNT VERNON",0.00119502507519674,68442
"474","TROY",0.00655121717867834,83279
"475","LEE'S SUMMIT",0.0219206554425116,91625
"476","NEW ROCHELLE",0.00408842069245,80030
"477","ARLINGTON HEIGHTS",0.00597333547235652,76200
"478","SOUTH GATE",0.0109552889764059,95981
"479","LAKE CHARLES",-0.000276186381491767,74470
"480","MISSION VIEJO",0.0155163290662414,97124
"481","MESQUITE",0.0231893681295741,144264
"482","WAUKEGAN",0.0161506658270931,88747
"483","WESTMINSTER",0.00940018255160498,92217
"484","NORMAN",0.0170581911515374,119956
"485","NASHUA",0.0103600606524786,87279
"486","MENIFEE",0.0460030913671614,84843
"487","PAWTUCKET",0.000292229922597478,71443
"488","WHITTIER",0.00808214363686739,86952
"489","BILLINGS",0.0176539889697842,110245
"490","IRVINE",0.0383162054209617,242971
"491","CHARLESTON",0.0185321994396138,120885
"492","FEDERAL WAY",0.0144850688070124,93551
"493","CHERRY HILL TOWNSHIP",0.000212405168700177,72058
"494","SOMERVILLE",0.00125701503843213,79798
"495","NEW BRITAIN",-0.000552284949920677,72864
"496","TYLER",0.0116668808156499,100969
"497","EVANSTON",0.00161068439883276,75817
"498","MIDLAND",0.0189219363626913,127344
"499","WILMINGTON",0.000809927325376354,71713
"500","COLONIE TOWN",0.00339954715613526,78717
"501","CLINTON TOWNSHIP",0.0123660097891292,98897
"502","KALAMAZOO",-0.00136878790105057,75857
"503","FORT SMITH",0.00619233701207475,87989
"504","SOUTHFIELD",-0.000595797901043779,73321
"505","CLIFTON",0.00457998460570119,85822
"506","SCRANTON",-0.00534005003711249,75749
"507","CRANSTON",0.00354720146907383,80905
"508","PLANO",0.0411132951230829,272106
"509","GAINESVILLE",0.0193235256481442,128185
"510","CANTON",-0.00820506780050558,72391
"511","ST. JOSEPH",0.00322318578738868,77269
"512","SAN ANGELO",0.00900216849054808,98477
"513","TUSCALOOSA",0.00859457145062482,96412
"514","LAKEWOOD",0.00285112452137026,81382
"515","BELLEVUE",0.0184603825663117,135449
"516","EL CAJON",0.00990316986289571,102838
"517","PROVO",0.0148898645814096,117158
"518","RICHMOND",0.0113613035329323,108464
"519","ALBANY",0.00130875423832884,75858
"520","DECATUR",-0.0111243756612868,74373
"521","OCEANSIDE",0.0256562315079032,174102
"522","READING",0.00368013110351251,87848
"523","JOLIET",0.0223450998118893,137783
"524","SANTA BARBARA",0.00598202685457399,90889
"525","VENTURA",0.0113188876395894,109246
"526","KENOSHA",0.00796366369973581,100025
"527","HAMMOND",-0.00488976024427463,78526
"528","BOULDER",0.00965913060245801,104284
"529","NORWALK",0.00433871729921424,88232
"530","ARVADA",0.0116974536009806,109878
"531","CLARKSTOWN TOWN",0.000987641944742898,81435
"532","WEST VALLEY",0.0192588585835828,134590
"533","DALY CITY",0.00954627937933537,105628
"534","AURORA",0.0179768705448449,136425
"535","PARMA",-0.00500689264191799,80168
"536","VALLEJO",0.0140084122130414,119504
"537","SIMI VALLEY",0.0146746969836571,126604
"538","WEST COVINA",0.0100838084762479,108136
"539","UPPER DARBY TOWNSHIP",-0.000329158552323481,82843
"540","CHEEKTOWAGA TOWN",-0.00551481444605606,78209
"541","THOUSAND OAKS",0.0162574246204971,129175
"542","GARY",-0.0187359927037379,78013
"543","RACINE",-0.00246702079381425,78057
"544","WESTLAND",-0.0006319257100801,82246
"545","LYNN",0.00544514034699475,92131
"546","SAN MATEO",0.00809968462359108,102082
"547","SALEM",0.0166689123077766,137031
"548","SIOUX CITY",0.00024068833574263,82366
"549","COMPTON",0.00658256780470118,98224
"550","EL MONTE",0.0116713005342497,116220
"551","LAFAYETTE",0.0139465570786176,125122
"552","LAWTON",0.00646333812661181,96966
"553","BLOOMINGTON",0.00202003008380661,87163
"554","SALINAS",0.0206913971251563,156908
"555","SIOUX FALLS",0.0173562405491786,143207
"556","NEWTON",0.00199325566467601,88881
"557","TALLAHASSEE",0.0273447210957941,187573
"558","VISTA",0.0106513418702732,97651
"559","COSTA MESA",0.00982779754576663,112709
"560","OVERLAND PARK",0.0346323096732939,183108
"561","WARWICK",-0.00168110820744797,82123
"562","SANTA ROSA",0.0226000628786504,172991
"563","SPOKANE VALLEY",0.00995438775000829,91382
"564","DULUTH",-0.00196772917507268,86106
"565","TRENTON",-0.00204669286154213,84324
"566","DOWNEY",0.00989248139656063,113595
"567","SANDY SPRINGS",0.0250028160296514,101184
"568","QUINCY",0.00338838484418974,94035
"569","CITRUS HEIGHTS",0.00277204392711236,85758
"570","MIAMI BEACH",0.000832090879402883,91771
"571","BURBANK",0.0067591552484082,105041
"572","BROWNSVILLE",0.0237891475174084,183433
"573","CHULA VISTA",0.0348005772533546,259894
"574","CARSON",0.00286810257385428,92838
"575","SANTA MONICA",0.00196610023876483,93151
"576","NORWALK",0.00676659170208551,106838
"577","DEARBORN",0.00201726890908962,95396
"578","GREECE TOWN",0.00528501011545393,97144
"579","CLEARWATER",0.00757545198698954,110075
"580","SANTA CLARA",0.0098304545138034,121114
"581","SCOTTSDALE",0.0301246355654394,229325
"582","ONTARIO",0.0196927701751518,168278
"583","BROCKTON",-5.4495377082407e-05,94427
"584","GREEN BAY",0.00536085048279659,104979
"585","PORT ST. LUCIE",0.0495843586580975,172453
"586","FALL RIVER",-0.001009431975837,88915
"587","ODESSA",0.00708934020456483,111651
"588","LIVONIA",-0.00275609419269912,94833
"589","WOODBRIDGE TOWNSHIP",0.00335952579455818,100969
"590","CAMBRIDGE",0.00401631377251888,108201
"591","MANCHESTER",0.00593110014202296,110571
"592","ROANOKE",-6.30212180549353e-05,98941
"593","TOMS RIVER TOWNSHIP",-0.00393159132825823,91634
"594","LAREDO",0.0304791510524607,250994
"595","ATHENS-CLARKE COUNTY",0.0195782098668908,121511
"596","ORANGE",0.0128166840704531,140767
"597","NEW BEDFORD",-0.000805242806664937,95366
"598","EDISON TOWNSHIP",0.00522355378105069,101965
"599","AMARILLO",0.00423084289341312,106538
"600","LOWELL",0.00735092697785246,109729
"601","POMONA",0.0150141973888747,151899
"602","GLENDALE",0.0285264203905187,236780
"603","ALBANY",-0.000644851662982241,98595
"604","WICHITA FALLS",0.00364863022875437,104949
"605","INGLEWOOD",0.00521849742351632,111997
"606","HAYWARD",0.0145608176968496,153319
"607","COLUMBIA",0.00969877806932302,133543
"608","DAVENPORT",-4.21960746822231e-05,102715
"609","PORTSMOUTH",-0.00204328921084669,96435
"610","JURUPA VALLEY",0.00686369341907269,98684
"611","ABILENE",0.00502690056381905,115056
"612","CENTENNIAL",0.0041022493441774,107485
"613","SANTA CLARITA",0.0312152283069972,206930
"614","ANN ARBOR",0.00488447015100537,117768
"615","PUEBLO",0.00238584074605938,108591
"616","MIAMI GARDENS",0.00702767030530308,112373
"617","SPRINGFIELD",0.00526326523189769,117134
"618","FLINT",-0.0136858260776355,99166
"619","DURHAM",0.029072619432771,249707
"620","SOUTH BEND",-0.00210135373519484,100853
"621","BERKELEY",0.00431151397750728,117753
"622","ERIE",-0.00489317796292553,100403
"623","STAMFORD",0.00681700528505464,127385
"624","ALLENTOWN",0.0041605054989207,118710
"625","RENO",0.0255010122479403,235055
"626","WACO",0.00754878061881886,129944
"627","FULLERTON",0.00943964284218251,139895
"628","CONCORD",0.00651874461389847,126744
"629","EUGENE",0.0126596982488856,159882
"630","BOISE",0.0227653312416417,216260
"631","WATERBURY",0.00210559144226036,109495
"632","ALEXANDRIA",0.0116465304349756,151065
"633","AMHERST TOWN",0.00517006201038709,118860
"634","ELIZABETH",0.00588496946069301,128345
"635","MODESTO",0.0201546797177183,205820
"636","TEMPE",0.0154970735431853,169812
"637","SUNNYVALE",0.0102213183361719,149384
"638","CEDAR RAPIDS",0.00621100981239124,128901
"639","STERLING HEIGHTS",0.00562254173859492,131604
"640","LANSING",-0.00392195691627662,109176
"641","PEORIA",-0.00159843519922767,116923
"642","INDEPENDENCE",0.00172204297305791,117321
"643","BEAUMONT",0.000402996335536757,117898
"644","IRVING",0.0226696689099295,231708
"645","PASADENA",0.00955022086768308,153540
"646","BAKERSFIELD",0.0360764541768912,367406
"647","ELK GROVE",0.0485322416450567,162957
"648","CHESAPEAKE",0.0227964705606308,232489
"649","LAKEWOOD",0.00823704023908142,148236
"650","EVANSVILLE",-0.00208597751522191,120372
"651","OXNARD",0.0170222764840493,204159
"652","TOPEKA",0.00305676032277421,127673
"653","HOLLYWOOD",0.00741222722087365,147918
"654","SAN BERNARDINO",0.020147413315207,214588
"655","PASADENA",0.00528354487084704,140373
"656","MORENO VALLEY",0.0228799173404181,202911
"657","NEW HAVEN",0.00147302891972947,130882
"658","HARTFORD",-0.00216050108417213,124943
"659","HAMPTON",0.00339708578835384,136590
"660","GARDEN GROVE",0.0101968531558291,176106
"661","ORLANDO",0.0218476566976803,259675
"662","AURORA",0.0262178229698795,307421
"663","TORRANCE",0.00367655608239186,147971
"664","FREMONT",0.0164920650661822,227575
"665","WINSTON-SALEM",0.0185251199474015,238082
"666","BRIDGEPORT",0.00121788118578576,147822
"667","SPRINGFIELD",0.00654030497779269,165278
"668","WARREN",-0.00556391615871974,135080
"669","ROCKFORD",0.00219066979588978,149584
"670","SYRACUSE",-0.0046272075322972,144534
"671","GLENDALE",0.0108538825477732,197079
"672","PATERSON",0.00180403124908501,146083
"673","GARLAND",0.016063534325072,236137
"674","DAYTON",-0.00860621803054827,143217
"675","KANSAS CITY",-0.0029848790121458,149103
"676","HUNTSVILLE",0.00853119428108592,185896
"677","HIALEAH",0.0171401957671077,235446
"678","NEWPORT NEWS",0.00694452631181676,182374
"679","SPRINGFIELD",0.000364982459667763,153766
"680","CHATTANOOGA",0.00189337315236485,174449
"681","PROVIDENCE",0.00428903506170063,178640
"682","FORT LAUDERDALE",0.00450131827700037,174056
"683","STOCKTON",0.0207976748240431,299519
"684","MESA",0.0347627500223444,462092
"685","LITTLE ROCK",0.00772288571938638,198217
"686","SALT LAKE CITY",0.00522830984550989,192368
"687","GREENSBORO",0.018124122652263,282203
"688","TACOMA",0.00781429791206412,204722
"689","WORCESTER",0.00435504512019774,183248
"690","ARLINGTON",0.0262844434487967,382976
"691","KNOXVILLE",0.000532438420919765,184362
"692","FORT WAYNE",0.0128695394140314,257172
"693","COLUMBUS",0.00619620075991065,206714
"694","MADISON",0.0110841375632015,245788
"695","RIVERSIDE",0.0189252471663069,319453
"696","HUNTINGTON BEACH",0.00470495580805935,199152
"697","SPOKANE",0.00639476123918415,211025
"698","JACKSON",-0.00447797142098269,171743
"699","LINCOLN",0.0135711607867185,271208
"700","ANCHORAGE",0.0166282645409043,301306
"701","LUBBOCK",0.00989466666544377,241826
"702","MONTGOMERY",0.00374258356371738,200194
"703","GRAND RAPIDS",0.00197774820503217,193385
"704","YONKERS",0.000998267327958916,200624
"705","DES MOINES",0.00268229479255925,208033
"706","SHREVEPORT",0.000863944500745589,197506
"707","RICHMOND",-0.000127562954348461,216747
"708","MOBILE",0.00727001537446927,250655
"709","AKRON",-0.00556534863725256,197891
"710","LEXINGTON",0.0132230028817739,311848
"711","ROCHESTER",-0.00397316053465755,210347
"712","SANTA ANA",0.0152592151930297,336462
"713","COLORADO SPRINGS",0.022991480053538,444949
"714","SAVANNAH-CHATHAM METRO",0.0116506478628662,236682
"715","BIRMINGHAM",-0.00864275644291211,210356
"716","BATON ROUGE",0.00178087106149186,229387
"717","FRESNO",0.026233464842637,513187
"718","NORFOLK",-0.00124164853645468,247078
"719","JERSEY CITY",0.00467303880456025,260005
"720","ANAHEIM",0.013874236272152,346956
"721","NEW ORLEANS",-0.00369953256999418,387113
"722","CORPUS CHRISTI",0.00978076314116881,319211
"723","ST. PETERSBURG",0.000836334441518106,250772
"724","BUFFALO",-0.00963805273048158,258419
"725","NEWARK",-0.00460486410679821,279110
"726","VIRGINIA BEACH",0.0165515170087794,451102
"727","TAMPA",0.00888464635362171,357124
"728","ST. PAUL",0.00274594388813179,297984
"729","SACRAMENTO",0.0169091940232471,482767
"730","WICHITA",0.00975110099831378,387493
"731","TOLEDO",-0.00699130149116869,281150
"732","CINCINNATI",-0.00746816098750546,297671
"733","KANSAS CITY",-0.00552130732940184,304252
"734","PITTSBURGH",-0.00930848314459821,307613
"735","OMAHA",0.0110423988566406,438465
"736","ST. LOUIS",-0.00584037527285346,318574
"737","ALBUQUERQUE",0.0158203967804864,558874
"738","TUCSON",0.0144995747912671,527328
"739","MIAMI",0.00738653420025686,421996
"740","OAKLAND",0.00599049295441766,409994
"741","AUSTIN",0.027312172524566,844869
"742","MINNEAPOLIS",0.00297812988578265,404461
"743","TULSA",0.00350971554576295,393189
"744","LONG BEACH",0.00833074669641858,471123
"745","ATLANTA",0.00441000688551114,424497
"746","PORTLAND",0.0157177479182558,613268
"747","INDIANAPOLIS",0.0184574578727133,858238
"748","OKLAHOMA CITY",0.0086600316992964,501215
"749","FORT WORTH",0.0219663049258823,796467
"750","CLEVELAND",-0.0111818675721101,388655
"751","EL PASO",0.0142168501065247,680273
"752","NASHVILLE",0.0107847029904552,647689
"753","DENVER",0.0094063328254089,665353
"754","SEATTLE",0.00896649835850769,663410
"755","WASHINGTON",0.00136801760169417,658893
"756","JACKSONVILLE",0.0140684966222691,856021
"757","BOSTON",0.00461033514433077,654413
"758","COLUMBUS",0.0111231975603219,813105
"759","MILWAUKEE",-0.00138923351070182,600374
"760","MEMPHIS",0.000706558973740854,654922
"761","BALTIMORE",-0.00669982920865347,623513
"762","LOUISVILLE METRO",0.00764915096833428,677710
"763","CHARLOTTE-MECKLENBURG",0.0228015642029444,856916
"764","SAN JOSE",0.0141215516306485,1009679
"765","SAN FRANCISCO",0.00710574029282685,850294
"766","DETROIT",-0.0154321772438459,684694
"767","HONOLULU",0.00840908955500536,994034
"768","PHOENIX",0.0206390736521423,1529852
"769","SAN ANTONIO",0.0177877990745617,1428438
"770","SAN DIEGO",0.0133290019103195,1368690
"771","DALLAS",0.00865874880014223,1193862
"772","LAS VEGAS METRO PD",0.0266621565610811,1530899
"773","PHILADELPHIA",-0.00198713467626325,1559062
"774","HOUSTON",0.00848682365992186,2175955
"775","CHICAGO",-0.00262113517569065,2724121
"776","LOS ANGELES",0.00834898468429584,3906772
"777","NEW YORK",0.00558878735927955,8473938
